just_AA,Gs(U)_NO,Mw_NO,HP_NO,IP_NO,ECI_NO,L1-9_NO,DHf_NO,Z1_NO,Z2_NO,Z3_NO,ISA_NO,Xi_NO,Ap_NO,Pa_NO,Pb_NO,Pt_NO
R,-1015.709,156.0,-4.5,10.76,1.69,17.8,-403.21,2.88,2.52,-3.44,52.98,108.86,140.715,0.96,0.99,0.88
K,-818.649,128.0,-3.9,9.74,0.53,17.05,-446.97,2.84,1.41,-3.14,102.78,47.61,82.403,1.23,0.77,0.96
Q,-643.904,128.0,-3.5,3.22,1.31,18.55,-479.54,3.08,0.39,-0.07,19.53,134.68,113.389,1.44,0.75,1.0
E,-605.239,129.0,-3.5,5.65,1.36,17.31,-531.69,2.18,0.53,-1.14,30.19,53.27,93.892,1.27,0.8,0.97
H,-583.484,137.0,-3.2,7.59,0.56,13.97,-378.92,2.41,1.74,1.11,87.38,-4.57,68.201,1.22,1.08,0.69
N,-507.047,114.0,-3.5,5.41,1.31,21.72,-466.91,3.22,1.45,0.84,17.87,-55.42,98.361,0.9,0.76,1.28
D,-475.402,115.0,-3.5,2.77,1.25,17.14,-518.1,3.64,1.13,2.36,18.46,47.89,81.982,1.04,0.72,1.41
Y,-274.939,163.0,-1.3,5.66,0.72,16.86,-446.32,-1.39,2.32,0.01,132.16,49.11,53.843,0.72,1.25,1.05
W,-203.5,186.0,-0.9,5.89,1.08,20.94,-365.49,-4.75,3.65,0.85,179.16,178.69,38.829,0.99,1.14,0.75
P,-195.996,97.0,-1.6,6.48,0.16,18.55,-422.17,-1.22,0.88,2.23,122.35,169.73,14.606,0.52,0.64,1.91
T,-90.974,101.0,-0.7,5.87,0.65,17.15,-483.37,0.92,-2.09,-1.4,59.44,46.04,46.144,0.82,1.21,1.03
S,-90.06,87.0,-0.8,5.68,0.56,18.91,-479.75,1.96,-1.63,0.57,19.75,30.24,55.21,0.82,0.95,1.33
G,-27.649,57.0,-0.4,5.97,0.02,19.48,-420.86,2.23,-5.36,0.3,19.93,-148.03,24.738,0.56,0.92,1.64
A,185.74,71.0,1.8,6.01,0.05,19.2,-433.66,0.07,-1.73,0.09,62.9,-77.85,24.509,1.29,0.9,0.78
C,322.48,103.0,2.5,5.07,0.15,18.83,-425.69,0.71,-0.97,4.13,78.51,160.13,15.941,1.11,0.74,0.8
M,401.769,131.0,1.9,5.74,0.34,17.88,-435.34,-2.49,-0.27,-0.41,132.22,46.37,30.699,1.47,0.97,0.39
F,560.542,147.0,2.8,5.48,0.14,16.81,-376.77,-4.92,1.3,0.45,189.42,47.67,18.657,1.07,1.32,0.58
V,613.196,99.0,4.2,5.97,0.07,17.88,-434.3,-2.69,-2.53,-1.29,120.91,-106.5,21.694,0.91,1.49,0.47
L,679.918,113.0,3.8,5.98,0.01,17.65,-448.27,-4.19,-1.03,-0.98,154.35,-148.5,22.9,1.3,1.02,0.59
I,777.529,113.0,4.5,6.02,0.09,20.76,-449.27,-4.44,-1.68,-1.03,149.77,-104.8,20.352,0.97,1.45,0.51
